date,open,high,low,close,volume,amount
2022-01-03,9.810699999999999,10.007899999999998,9.663539499999999,9.86,1000000,9860000.0
2022-01-04,9.85908375,10.037081249999998,9.71119749375,9.88875,1030000,10185412.5
2022-01-05,9.907582499999998,10.066262499999997,9.758968762499999,9.917499999999999,1060000,10512549.999999998
2022-01-06,9.956196249999998,10.105539193749998,9.797056249999999,9.94625,1090000,10841412.5
2022-01-07,10.004924999999998,10.154998874999997,9.825375,9.975,1120000,11172000.0
2022-01-10,9.953731249999999,10.153806249999997,9.80442528125,10.003749999999998,1150000,11504312.499999998
2022-01-11,10.002402499999999,10.182987499999998,9.8523664625,10.032499999999999,1180000,11838349.999999998
2022-01-12,10.051188749999998,10.212168749999996,9.900420918749997,10.061249999999998,1210000,12174112.499999996
2022-01-13,10.100089999999996,10.251591349999995,9.938649999999997,10.089999999999998,1240000,12511599.999999998
2022-01-14,10.149106249999997,10.301342843749996,9.966968749999998,10.118749999999999,1270000,12850812.499999998
2022-01-17,10.096762499999997,10.299712499999996,9.945311062499997,10.147499999999997,1300000,13191749.999999996
2022-01-18,10.145721249999998,10.328893749999997,9.993535431249997,10.176249999999998,1330000,13534412.499999996
2022-01-19,10.194794999999997,10.358074999999996,10.041873074999998,10.204999999999997,1360000,13878799.999999994
2022-01-20,10.243983749999996,10.397643506249995,10.080243749999998,10.233749999999997,1390000,14224912.499999996
2022-01-21,10.293287499999996,10.447686812499995,10.108562499999998,10.262499999999998,1420000,14572749.999999996
2022-01-24,10.239793749999997,10.445618749999996,10.086196843749997,10.291249999999996,1450000,14922312.499999994
2022-01-25,10.289039999999996,10.474799999999997,10.134704399999997,10.319999999999997,1480000,15273599.999999994
2022-01-26,10.019969999999995,10.180449999999995,9.869670449999996,10.029999999999996,1510000,15145299.999999994
2022-01-27,10.068808749999995,10.219840881249993,9.907868749999997,10.058749999999996,1540000,15490474.999999994
2022-01-28,10.117762499999994,10.269528937499993,9.936187499999996,10.087499999999995,1570000,15837374.999999993
2022-01-31,10.065668749999995,10.267993749999995,9.914683718749995,10.116249999999996,1600000,16185999.999999993
2022-02-01,10.114564999999995,10.297174999999996,9.962846524999994,10.144999999999996,1630000,16536349.999999994
2022-02-02,10.163576249999995,10.326356249999993,10.011122606249995,10.173749999999995,1660000,16888424.999999993
2022-02-03,10.212702499999994,10.365893037499992,10.049462499999995,10.202499999999995,1690000,17242224.999999993
2022-02-04,10.261943749999993,10.415872906249993,10.077781249999994,10.231249999999994,1720000,17597749.99999999
2022-02-07,10.208699999999995,10.413899999999993,10.055569499999995,10.259999999999994,1750000,17954999.99999999
2022-02-08,10.257883749999994,10.443081249999993,10.104015493749994,10.288749999999995,1780000,18313974.999999993
2022-02-09,10.307182499999994,10.472262499999992,10.152574762499995,10.317499999999994,1810000,18674674.99999999
2022-02-10,10.356596249999994,10.511945193749993,10.191056249999994,10.346249999999994,1840000,19037099.99999999
2022-02-11,10.406124999999992,10.562216874999992,10.219374999999992,10.374999999999993,1870000,19401249.999999985
2022-02-14,10.351731249999993,10.559806249999992,10.196455281249992,10.403749999999993,1000000,10403749.999999993
2022-02-15,10.401202499999993,10.588987499999993,10.245184462499992,10.432499999999994,1030000,10745474.999999994
2022-02-16,10.450788749999992,10.618168749999992,10.294026918749992,10.461249999999993,1060000,11088924.999999993
2022-02-17,10.500489999999992,10.657997349999992,10.332649999999994,10.489999999999993,1090000,11434099.999999993
2022-02-18,10.230599999999992,10.38405899999999,10.046999999999992,10.199999999999992,1120000,11423999.99999999
2022-02-21,10.177606249999993,10.382181249999991,10.024942156249994,10.228749999999993,1150000,11763062.49999999
2022-02-22,10.226727499999992,10.41136249999999,10.073326587499992,10.257499999999991,1180000,12103849.99999999
2022-02-23,10.275963749999992,10.440543749999991,10.121824293749992,10.286249999999992,1210000,12446362.49999999
2022-02-24,10.325314999999991,10.48019472499999,10.160274999999992,10.314999999999992,1240000,12790599.99999999
2022-02-25,10.37478124999999,10.530402968749987,10.188593749999992,10.343749999999991,1270000,13136562.499999989
2022-02-28,10.320637499999991,10.528087499999991,10.16582793749999,10.372499999999992,1300000,13484249.999999989
2022-03-01,10.37004624999999,10.55726874999999,10.214495556249991,10.40124999999999,1330000,13833662.499999987
2022-03-02,10.419569999999991,10.58644999999999,10.26327644999999,10.42999999999999,1360000,14184799.999999987
2022-03-03,10.46920874999999,10.626246881249989,10.301868749999992,10.458749999999991,1390000,14537662.499999989
2022-03-04,10.518962499999988,10.676746937499987,10.33018749999999,10.48749999999999,1420000,14892249.999999985
2022-03-07,10.463668749999991,10.673993749999989,10.306713718749991,10.51624999999999,1450000,15248562.499999987
2022-03-08,10.51336499999999,10.703174999999987,10.35566452499999,10.54499999999999,1480000,15606599.999999983
2022-03-09,10.563176249999989,10.732356249999988,10.40472860624999,10.57374999999999,1510000,15966362.499999985
2022-03-10,10.61310249999999,10.772299037499987,10.44346249999999,10.60249999999999,1540000,16327849.999999985
2022-03-11,10.663143749999987,10.823090906249986,10.471781249999989,10.631249999999989,1570000,16691062.499999983
2022-03-14,10.60669999999999,10.819899999999988,10.44759949999999,10.65999999999999,1600000,17055999.99999998
2022-03-15,10.338889999999989,10.525549999999987,10.183806649999989,10.369999999999989,1630000,16903099.99999998
2022-03-16,10.388351249999989,10.554731249999987,10.232525981249989,10.398749999999989,1660000,17261924.99999998
2022-03-17,10.437927499999986,10.594496412499986,10.271087499999988,10.427499999999988,1690000,17622474.999999978
2022-03-18,10.487618749999987,10.644933031249986,10.299406249999988,10.456249999999988,1720000,17984749.99999998
2022-03-21,10.43257499999999,10.642274999999987,10.27608637499999,10.484999999999989,1750000,18348749.99999998
2022-03-22,10.482208749999987,10.671456249999986,10.324975618749987,10.513749999999987,1780000,18714474.999999978
2022-03-23,10.531957499999988,10.700637499999987,10.373978137499988,10.542499999999988,1810000,19081924.999999978
2022-03-24,10.581821249999985,10.740548568749984,10.412681249999986,10.571249999999987,1840000,19451099.999999974
2022-03-25,10.631799999999986,10.791276999999985,10.440999999999987,10.599999999999987,1870000,19821999.999999978
2022-03-28,10.575606249999987,10.788181249999987,10.416972156249987,10.628749999999988,1000000,10628749.999999987
2022-03-29,10.625527499999986,10.817362499999986,10.466144587499986,10.657499999999986,1030000,10977224.999999985
2022-03-30,10.675563749999988,10.846543749999986,10.515430293749988,10.686249999999987,1060000,11327424.999999987
2022-03-31,10.725714999999985,10.886600724999983,10.554274999999986,10.714999999999986,1090000,11679349.999999985
2022-04-01,10.775981249999985,10.937620968749984,10.582593749999987,10.743749999999986,1120000,12032999.999999985
2022-04-04,10.718637499999987,10.934087499999986,10.557857937499987,10.772499999999987,1150000,12388374.999999985
2022-04-05,10.768846249999985,10.963268749999983,10.607313556249984,10.801249999999985,1180000,12745474.999999983
2022-04-06,10.819169999999986,10.992449999999984,10.656882449999985,10.829999999999986,1210000,13104299.999999983
2022-04-07,10.550539999999984,10.708798099999983,10.381899999999986,10.539999999999985,1240000,13069599.999999981
2022-04-08,10.600456249999985,10.759463093749984,10.410218749999986,10.568749999999985,1270000,13422312.499999981
2022-04-11,10.544512499999984,10.756462499999984,10.386344812499983,10.597499999999984,1300000,13776749.99999998
2022-04-12,10.594371249999984,10.785643749999984,10.435455681249984,10.626249999999985,1330000,14132912.49999998
2022-04-13,10.644344999999985,10.814824999999983,10.484679824999985,10.654999999999985,1360000,14490799.99999998
2022-04-14,10.694433749999982,10.85485025624998,10.523493749999984,10.683749999999984,1390000,14850412.499999978
2022-04-15,10.744637499999984,10.905807062499983,10.551812499999984,10.712499999999984,1420000,15211749.999999978
2022-04-18,10.687543749999984,10.902368749999981,10.527230593749984,10.741249999999983,1450000,15574812.499999976
2022-04-19,10.737689999999983,10.931549999999982,10.576624649999983,10.769999999999984,1480000,15939599.999999976
2022-04-20,10.787951249999985,10.960731249999982,10.626131981249985,10.798749999999984,1510000,16306112.499999976
2022-04-21,10.838327499999982,11.00090241249998,10.665087499999983,10.827499999999983,1540000,16674349.999999974
2022-04-22,10.888818749999983,11.05215103124998,10.693406249999983,10.856249999999983,1570000,17044312.499999974
2022-04-25,10.830574999999982,11.04827499999998,10.668116374999983,10.884999999999982,1600000,17415999.99999997
2022-04-26,10.881008749999982,11.077456249999981,10.717793618749981,10.913749999999983,1630000,17789412.49999997
2022-04-27,10.931557499999982,11.106637499999982,10.767584137499982,10.942499999999983,1660000,18164549.99999997
2022-04-28,10.98222124999998,11.14695456874998,10.806681249999983,10.971249999999982,1690000,18541412.49999997
2022-04-29,11.032999999999982,11.19849499999998,10.834999999999983,10.999999999999982,1720000,18919999.99999997
2022-05-02,10.656449999999982,10.87064999999998,10.496603249999982,10.709999999999981,1750000,18742499.999999966
2022-05-03,10.706533749999982,10.89983124999998,10.545935743749983,10.738749999999982,1780000,19114974.999999966
2022-05-04,10.75673249999998,10.92901249999998,10.59538151249998,10.76749999999998,1810000,19489174.999999966
2022-05-05,10.80704624999998,10.969151943749978,10.63430624999998,10.796249999999981,1840000,19865099.999999966
2022-05-06,10.85747499999998,11.020337124999978,10.662624999999982,10.824999999999982,1870000,20242749.999999966
2022-05-09,10.79948124999998,11.01655624999998,10.63748903124998,10.85374999999998,1000000,10853749.99999998
2022-05-10,10.849852499999981,11.04573749999998,10.68710471249998,10.88249999999998,1030000,11208974.99999998
2022-05-11,10.90033874999998,11.074918749999979,10.73683366874998,10.91124999999998,1060000,11565924.999999978
2022-05-12,10.950939999999978,11.115204099999977,10.77589999999998,10.93999999999998,1090000,11924599.999999978
2022-05-13,11.001656249999979,11.166681093749977,10.80421874999998,10.96874999999998,1120000,12284999.999999978
2022-05-16,10.94251249999998,11.162462499999977,10.77837481249998,10.99749999999998,1150000,12647124.999999976
2022-05-17,10.99317124999998,11.191643749999978,10.82827368124998,11.02624999999998,1180000,13010974.999999976
2022-05-18,11.043944999999978,11.220824999999977,10.878285824999978,11.054999999999978,1210000,13376549.999999974
2022-05-19,11.094833749999978,11.261256256249977,10.917493749999979,11.083749999999979,1240000,13743849.999999974
2022-05-20,11.145837499999978,11.313025062499976,10.94581249999998,11.11249999999998,1270000,14112874.999999974
2022-05-23,11.085543749999978,11.308368749999977,10.919260593749978,11.141249999999978,1300000,14483624.999999972
2022-05-24,11.136489999999979,11.337549999999977,10.969442649999978,11.169999999999979,1330000,14856099.999999972
2022-05-25,10.869119999999977,11.043199999999976,10.706083199999977,10.879999999999978,1360000,14796799.99999997
2022-05-26,10.919658749999977,11.083453631249975,10.745118749999978,10.908749999999978,1390000,15163162.49999997
2022-05-27,10.970312499999975,11.134867187499975,10.773437499999977,10.937499999999977,1420000,15531249.999999966
2022-05-30,10.911418749999978,11.130743749999976,10.747747468749978,10.966249999999977,1450000,15901062.499999966
2022-05-31,10.962014999999978,11.159924999999976,10.797584774999978,10.994999999999978,1480000,16272599.999999966
2022-06-01,11.012726249999977,11.189106249999975,10.847535356249978,11.023749999999977,1510000,16645862.499999965
2022-06-02,11.063552499999975,11.229505787499974,10.886712499999977,11.052499999999977,1540000,17020849.999999966
2022-06-03,11.114493749999975,11.281211156249974,10.915031249999975,11.081249999999976,1570000,17397562.499999963
2022-06-06,11.054449999999976,11.276649999999975,10.888633249999977,11.109999999999976,1600000,17775999.999999963
2022-06-07,11.105333749999977,11.305831249999976,10.938753743749977,11.138749999999977,1630000,18156162.499999963
2022-06-08,11.156332499999976,11.335012499999975,10.988987512499977,11.167499999999976,1660000,18538049.99999996
2022-06-09,11.207446249999975,11.375557943749975,11.028306249999977,11.196249999999976,1690000,18921662.49999996
2022-06-10,11.258674999999974,11.427555124999973,11.056624999999976,11.224999999999975,1720000,19306999.999999955
2022-06-13,11.197481249999976,11.422556249999975,11.029519031249976,11.253749999999975,1750000,19694062.499999955
2022-06-14,11.248652499999976,11.451737499999973,11.079922712499975,11.282499999999976,1780000,20082849.999999955
2022-06-15,11.299938749999974,11.480918749999972,11.130439668749974,11.311249999999974,1810000,20473362.499999955
2022-06-16,11.351339999999974,11.521610099999972,11.169899999999975,11.339999999999975,1840000,20865599.999999955
2022-06-17,11.083149999999973,11.249397249999971,10.884249999999975,11.049999999999974,1870000,20663499.99999995
2022-06-20,11.093006249999975,11.315981249999973,10.926611156249976,11.148749999999975,1000000,11148749.999999974
2022-06-21,11.213757499999973,11.416212499999972,11.045551137499974,11.247499999999974,1030000,11584924.999999974
2022-06-22,11.334903749999974,11.516443749999974,11.164880193749974,11.346249999999975,1060000,12027024.999999974
2022-06-23,11.456444999999974,11.628291674999971,11.273324999999975,11.444999999999975,1090000,12475049.999999974
2022-06-24,11.578381249999973,11.752056968749972,11.370593749999975,11.543749999999974,1120000,12928999.999999972
2022-06-27,11.584287499999975,11.817137499999975,11.410523187499976,11.642499999999975,1150000,13388874.999999972
2022-06-28,11.706026249999974,11.917368749999973,11.530435856249975,11.741249999999974,1180000,13854674.99999997
2022-06-29,11.828159999999976,12.017599999999973,11.650737599999976,11.839999999999975,1210000,14326399.99999997
2022-06-30,11.950688749999975,12.129949081249974,11.759668749999976,11.938749999999976,1240000,14804049.99999997
2022-07-01,12.073612499999973,12.254716687499972,11.856937499999974,12.037499999999975,1270000,15287624.999999968
2022-07-04,12.075568749999976,12.318293749999974,11.894435218749976,12.136249999999976,1300000,15777124.999999968
2022-07-05,12.198294999999975,12.418524999999972,12.015320574999976,12.234999999999975,1330000,16272549.999999966
2022-07-06,12.321416249999976,12.518756249999974,12.136595006249976,12.333749999999975,1360000,16773899.999999966
2022-07-07,12.444932499999975,12.631606487499974,12.246012499999976,12.432499999999976,1390000,17281174.999999966
2022-07-08,12.568843749999974,12.757376406249973,12.343281249999976,12.531249999999975,1420000,17794374.999999966
2022-07-11,12.566849999999976,12.819449999999975,12.378347249999976,12.629999999999976,1450000,18313499.999999966
2022-07-12,12.372769999999976,12.596149999999973,12.187178449999976,12.409999999999975,1480000,18366799.999999963
2022-07-13,12.496241249999976,12.696381249999975,12.308797631249975,12.508749999999976,1510000,18888212.499999963
2022-07-14,12.620107499999973,12.80940911249997,12.418387499999975,12.607499999999975,1540000,19415549.999999963
2022-07-15,12.744368749999975,12.935534281249973,12.515656249999976,12.706249999999976,1570000,19948812.499999963
2022-07-18,12.740974999999978,12.997074999999976,12.549860374999978,12.804999999999977,1600000,20487999.999999963
2022-07-19,12.865038749999975,13.097306249999974,12.672063168749975,12.903749999999976,1630000,21033112.49999996
2022-07-20,12.989497499999976,13.197537499999974,12.794655037499975,13.002499999999976,1660000,21584149.99999996
2022-07-21,13.114351249999974,13.311066518749971,12.904731249999976,13.101249999999975,1690000,22141112.49999996
2022-07-22,13.239599999999975,13.438193999999973,13.001999999999976,13.199999999999976,1720000,22703999.99999996
2022-07-25,13.232256249999978,13.498231249999975,13.033772406249978,13.298749999999977,1750000,23272812.49999996
2022-07-26,13.357307499999976,13.598462499999973,13.156947887499976,13.397499999999976,1780000,23847549.99999996
2022-07-27,13.482753749999977,13.698693749999975,13.280512443749977,13.496249999999977,1810000,24428212.49999996
2022-07-28,13.608594999999974,13.812723924999974,13.391074999999976,13.594999999999976,1840000,25014799.999999955
2022-07-29,13.734831249999974,13.940853718749972,13.488343749999977,13.693749999999977,1870000,25607312.499999955
2022-08-01,13.723537499999978,13.999387499999976,13.517684437499979,13.792499999999977,1000000,13792499.999999978
2022-08-02,13.849576249999977,14.099618749999975,13.641832606249977,13.891249999999976,1030000,14307987.499999976
2022-08-03,13.976009999999977,14.199849999999975,13.766369849999977,13.989999999999977,1060000,14829399.999999976
2022-08-04,13.783769999999976,13.990526549999974,13.563449999999976,13.769999999999976,1090000,15009299.999999974
2022-08-05,13.910356249999976,14.119011593749974,13.660718749999978,13.868749999999977,1120000,15532999.999999974
2022-08-08,13.897662499999976,14.177012499999975,13.689197562499976,13.967499999999976,1150000,16062624.999999972
2022-08-09,14.024051249999976,14.277243749999975,13.813690481249976,14.066249999999977,1180000,16598174.999999972
2022-08-10,14.150834999999978,14.377474999999976,13.938572474999978,14.164999999999978,1210000,17139649.999999974
2022-08-11,14.278013749999975,14.492183956249972,14.049793749999978,14.263749999999977,1240000,17687049.99999997
2022-08-12,14.405587499999976,14.621671312499975,14.147062499999977,14.362499999999978,1270000,18240374.99999997
2022-08-15,14.388943749999976,14.678168749999974,14.173109593749976,14.461249999999977,1300000,18799624.99999997
2022-08-16,14.516319999999977,14.778399999999976,14.298575199999977,14.559999999999977,1330000,19364799.99999997
2022-08-17,14.644091249999978,14.878631249999977,14.424429881249978,14.658749999999978,1360000,19935899.99999997
2022-08-18,14.772257499999975,14.993841362499973,14.536137499999978,14.757499999999977,1390000,20512924.999999966
2022-08-19,14.900818749999976,15.124331031249975,14.633406249999979,14.856249999999978,1420000,21095874.99999997
2022-08-22,14.880224999999976,15.179324999999976,14.657021624999976,14.954999999999977,1450000,21684749.999999966
2022-08-23,15.008588749999978,15.279556249999976,14.783459918749978,15.053749999999978,1480000,22279549.999999966
2022-08-24,15.13734749999998,15.379787499999976,14.91028728749998,15.152499999999979,1510000,22880274.999999966
2022-08-25,15.266501249999976,15.495498768749973,15.022481249999977,15.251249999999978,1540000,23486924.999999966
2022-08-26,15.396049999999976,15.626990749999974,15.119749999999978,15.349999999999978,1570000,24099499.999999966
2022-08-29,15.054349999999978,15.356949999999976,14.828534749999978,15.129999999999978,1600000,24207999.999999963
2022-08-30,15.18306374999998,15.457181249999977,14.955317793749979,15.228749999999978,1630000,24822862.499999966
2022-08-31,15.312172499999978,15.557412499999975,15.082489912499979,15.327499999999977,1660000,25443649.999999963
2022-09-01,15.441676249999977,15.673301393749975,15.194856249999978,15.426249999999978,1690000,26070362.499999963
2022-09-02,15.571574999999978,15.805148624999976,15.292124999999979,15.524999999999979,1720000,26702999.999999963
2022-09-05,15.545631249999978,15.858106249999976,15.312446781249978,15.623749999999978,1750000,27341562.499999963
2022-09-06,15.675332499999978,15.958337499999978,15.440202512499978,15.722499999999979,1780000,27986049.999999963
2022-09-07,15.805428749999978,16.058568749999974,15.568347318749979,15.821249999999978,1810000,28636462.49999996
2022-09-08,15.935919999999976,16.174958799999974,15.68119999999998,15.919999999999979,1840000,29292799.99999996
2022-09-09,16.066806249999978,16.307808343749976,15.778468749999979,16.01874999999998,1870000,29955062.499999963
2022-09-12,16.03691249999998,16.359262499999975,15.796358812499978,16.11749999999998,1000000,16117499.999999978
2022-09-13,16.167601249999972,16.45949374999997,15.925087231249972,16.216249999999974,1030000,16702737.499999974
2022-09-14,16.298684999999974,16.559724999999972,16.054204724999973,16.314999999999973,1060000,17293899.99999997
2022-09-15,16.43016374999997,16.676616206249967,16.16754374999997,16.413749999999972,1090000,17890987.49999997
2022-09-16,16.56203749999997,16.810468062499968,16.26481249999997,16.51249999999997,1120000,18493999.999999966
2022-09-19,16.52819374999997,16.86041874999997,16.28027084374997,16.61124999999997,1150000,19102937.499999966
2022-09-20,16.659869999999966,16.960649999999962,16.409971949999967,16.709999999999965,1180000,19717799.99999996
2022-09-21,16.473509999999965,16.737349999999964,16.226407349999967,16.489999999999966,1210000,19952899.99999996
2022-09-22,16.60533874999996,16.854418831249955,16.339918749999963,16.588749999999962,1240000,20570049.99999995
2022-09-23,16.73756249999996,16.988625937499958,16.43718749999996,16.68749999999996,1270000,21193124.99999995
2022-09-26,16.70231874999996,17.038043749999957,16.45178396874996,16.78624999999996,1300000,21822124.999999948
2022-09-27,16.83434499999996,17.138274999999958,16.58182982499996,16.88499999999996,1330000,22457049.999999944
2022-09-28,16.966766249999957,17.238506249999954,16.712264756249958,16.983749999999958,1360000,23097899.999999944
2022-09-29,17.09958249999995,17.35607623749995,16.826262499999952,17.082499999999953,1390000,23744674.999999937
2022-09-30,17.23279374999995,17.491285656249946,16.923531249999954,17.181249999999952,1420000,24397374.999999933
2022-10-03,17.19359999999995,17.539199999999948,16.93569599999995,17.27999999999995,1450000,25055999.99999993
2022-10-04,17.32661374999995,17.639431249999948,17.06671454374995,17.37874999999995,1480000,25720549.999999925
2022-10-05,17.46002249999995,17.739662499999948,17.198122162499953,17.47749999999995,1510000,26391024.99999992
2022-10-06,17.593826249999942,17.85773364374994,17.312606249999945,17.576249999999945,1540000,27067424.999999914
2022-10-07,17.728024999999942,17.99394537499994,17.409874999999943,17.674999999999944,1570000,27749749.99999991
2022-10-10,17.684881249999943,18.04035624999994,17.419608031249943,17.773749999999943,1600000,28437999.999999907
2022-10-11,17.81888249999994,18.14058749999994,17.55159926249994,17.872499999999942,1630000,29132174.999999907
2022-10-12,17.953278749999942,18.24081874999994,17.683979568749944,17.97124999999994,1660000,29832274.999999903
2022-10-13,18.088069999999934,18.35939104999993,17.798949999999937,18.069999999999936,1690000,30538299.999999892
2022-10-14,17.903549999999935,18.17210324999993,17.582249999999938,17.849999999999937,1720000,30701999.999999892
2022-10-17,17.859006249999933,18.21798124999993,17.591121156249933,17.948749999999933,1750000,31410312.49999988
2022-10-18,17.99335749999993,18.31821249999993,17.72345713749993,18.047499999999932,1780000,32124549.999999877
2022-10-19,18.12810374999993,18.418443749999927,17.85618219374993,18.14624999999993,1810000,32844712.499999873
2022-10-20,18.263244999999927,18.537193674999923,17.97132499999993,18.24499999999993,1840000,33570799.99999987
2022-10-21,18.398781249999928,18.674762968749924,18.06859374999993,18.34374999999993,1870000,34302812.499999866
2022-10-24,18.350287499999926,18.71913749999992,18.075033187499926,18.442499999999924,1000000,18442499.999999925
2022-10-25,18.485626249999925,18.81936874999992,18.208341856249927,18.541249999999923,1030000,19097487.49999992
2022-10-26,18.62135999999992,18.91959999999992,18.34203959999992,18.639999999999922,1060000,19758399.999999918
2022-10-27,18.75748874999992,19.038851081249916,18.45766874999992,18.73874999999992,1090000,20425237.499999914
2022-10-28,18.894012499999917,19.177422687499913,18.554937499999923,18.83749999999992,1120000,21097999.99999991
2022-10-31,18.841568749999915,19.220293749999914,18.558945218749916,18.936249999999916,1150000,21776687.499999903
2022-11-01,18.977894999999915,19.32052499999991,18.693226574999915,19.034999999999915,1180000,22461299.9999999
2022-11-02,19.114616249999916,19.42075624999991,18.827897006249916,19.133749999999914,1210000,23151837.499999896
2022-11-03,19.25173249999991,19.540508487499906,18.944012499999914,19.232499999999913,1240000,23848299.999999892
2022-11-04,19.38924374999991,19.680082406249905,19.041281249999912,19.331249999999912,1270000,24550687.49999989
2022-11-07,19.332849999999908,19.721449999999905,19.04285724999991,19.429999999999907,1300000,25258999.99999988
2022-11-08,19.15236999999991,19.498149999999907,18.86508444999991,19.20999999999991,1330000,25549299.999999877
2022-11-09,19.289441249999904,19.5983812499999,19.000099631249906,19.308749999999904,1360000,26259899.99999987
2022-11-10,19.4269074999999,19.718311112499897,19.116387499999902,19.407499999999903,1390000,26976424.999999866
2022-11-11,19.5647687499999,19.858240281249895,19.213656249999904,19.506249999999902,1420000,27698874.999999862
2022-11-14,19.5069749999999,19.899074999999897,19.214370374999902,19.6049999999999,1450000,28427249.999999855
2022-11-15,19.6446387499999,19.999306249999897,19.3499691687499,19.7037499999999,1480000,29161549.99999985
2022-11-16,19.782697499999895,20.09953749999989,19.485957037499897,19.802499999999895,1510000,29901774.999999844
2022-11-17,19.92115124999989,20.219968518749887,19.602731249999895,19.901249999999894,1540000,30647924.999999836
2022-11-18,20.059999999999892,20.360899999999887,19.699999999999896,19.999999999999893,1570000,31399999.999999832
2022-11-21,19.998256249999894,20.400231249999887,19.698282406249895,20.098749999999892,1600000,32157999.99999983
2022-11-22,20.136907499999893,20.500462499999887,19.834853887499893,20.19749999999989,1630000,32921924.99999982
2022-11-23,20.275953749999886,20.600693749999884,19.97181444374989,20.296249999999887,1660000,33691774.999999814
2022-11-24,20.415394999999883,20.72162592499988,20.089074999999887,20.394999999999886,1690000,34467549.99999981
2022-11-25,20.55523124999988,20.863559718749876,20.186343749999885,20.493749999999885,1720000,35249249.9999998
2022-11-28,20.489537499999884,20.90138749999988,20.182194437499884,20.592499999999884,1750000,36036874.9999998
2022-11-29,20.629176249999883,21.001618749999878,20.319738606249885,20.691249999999883,1780000,36830424.99999979
2022-11-30,20.769209999999877,21.101849999999875,20.45767184999988,20.78999999999988,1810000,37629899.99999978
2022-12-01,20.59056999999988,20.899428549999875,20.261449999999883,20.56999999999988,1840000,37848799.99999978
2022-12-02,20.73075624999987,21.041717593749866,20.358718749999877,20.668749999999875,1870000,38650562.49999977
2022-12-05,20.663662499999873,21.07901249999987,20.353707562499874,20.767499999999874,1000000,20767499.999999873
2022-12-06,20.803651249999874,21.17924374999987,20.491596481249875,20.866249999999873,1030000,21492237.49999987
2022-12-07,20.94403499999987,21.279474999999866,20.629874474999873,20.964999999999872,1060000,22222899.999999866
2022-12-08,21.084813749999867,21.40108595624986,20.74779374999987,21.06374999999987,1090000,22959487.49999986
2022-12-09,21.225987499999864,21.544377312499858,20.84506249999987,21.162499999999866,1120000,23701999.99999985
2022-12-12,21.154943749999866,21.58016874999986,20.837619593749867,21.261249999999865,1150000,24450437.499999844
2022-12-13,21.295919999999864,21.68039999999986,20.976481199999867,21.359999999999864,1180000,25204799.99999984
2022-12-14,21.437291249999863,21.78063124999986,21.115731881249864,21.458749999999863,1210000,25965087.499999836
2022-12-15,21.57905749999986,21.902743362499855,21.234137499999864,21.557499999999862,1240000,26731299.99999983
2022-12-16,21.721218749999856,22.047037031249854,21.33140624999986,21.656249999999858,1270000,27503437.49999982
2022-12-19,21.64622499999986,22.081324999999854,21.32153162499986,21.754999999999857,1300000,28281499.999999814
2022-12-20,21.788188749999858,22.18155624999985,21.46136591874986,21.853749999999856,1330000,29065487.49999981
2022-12-21,21.930547499999854,22.28178749999985,21.601589287499856,21.952499999999855,1360000,29855399.999999803
2022-12-22,22.07330124999985,22.404400768749845,21.720481249999857,22.051249999999854,1390000,30651237.499999795
2022-12-23,22.216449999999845,22.549696749999843,21.81774999999985,22.14999999999985,1420000,31452999.999999788
2022-12-26,21.820349999999852,22.258949999999846,21.493044749999854,21.92999999999985,1450000,31798499.999999784
2022-12-27,21.962663749999848,22.359181249999843,21.63322379374985,22.028749999999846,1480000,32602549.999999773
2022-12-28,22.105372499999845,22.45941249999984,21.773791912499846,22.127499999999845,1510000,33412524.999999765
2022-12-29,22.24847624999984,22.582203393749836,21.892856249999845,22.226249999999844,1540000,34228424.99999976
2022-12-30,22.39197499999984,22.727854624999836,21.990124999999846,22.324999999999843,1570000,35050249.999999754
2023-01-02,22.192231249999846,22.63830624999984,21.85934778124985,22.303749999999845,1600000,35685999.999999754
2023-01-03,22.215652499999845,22.61673749999984,21.882417712499848,22.282499999999843,1630000,36320474.99999975
2023-01-04,22.238988749999844,22.59516874999984,21.905403918749847,22.261249999999844,1660000,36953674.99999974
2023-01-05,22.262239999999842,22.596173599999837,21.90639999999985,22.239999999999846,1690000,37585599.99999974
2023-01-06,22.285406249999845,22.619687343749842,21.88546874999985,22.218749999999847,1720000,38216249.99999974
2023-01-09,22.08651249999985,22.530462499999846,21.75521481249985,22.19749999999985,1750000,38845624.99999973
2023-01-10,22.109721249999847,22.508893749999842,21.77807543124985,22.176249999999847,1780000,39473724.999999724
2023-01-11,22.132844999999847,22.487324999999846,21.80085232499985,22.15499999999985,1810000,40100549.999999724
2023-01-12,22.155883749999848,22.488222006249845,21.80174374999985,22.13374999999985,1840000,40726099.999999724
2023-01-13,22.178837499999847,22.511520062499844,21.780812499999854,22.11249999999985,1870000,41350374.999999724
2023-01-16,21.980793749999854,22.42261874999985,21.651081843749857,22.091249999999853,1000000,22091249.999999855
2023-01-17,22.003789999999853,22.401049999999845,21.673733149999855,22.06999999999985,1030000,22732099.999999847
2023-01-18,21.708269999999853,22.05594999999985,21.382645949999855,21.729999999999855,1060000,23033799.999999847
2023-01-19,21.73045874999985,22.05641563124985,21.383118749999856,21.708749999999853,1090000,23662537.49999984
2023-01-20,21.75256249999985,22.078850937499848,21.362187499999855,21.687499999999854,1120000,24289999.999999836
2023-01-23,21.557918749999857,21.991243749999853,21.23454996874986,21.666249999999856,1150000,24916187.499999836
2023-01-24,21.58006499999986,21.969674999999853,21.25636402499986,21.644999999999857,1180000,25541099.999999832
2023-01-25,21.60212624999986,21.948106249999856,21.278094356249863,21.62374999999986,1210000,26164737.49999983
2023-01-26,21.624102499999854,21.94846403749985,21.278462499999858,21.602499999999857,1240000,26787099.99999982
2023-01-27,21.645993749999857,21.970683656249854,21.25753124999986,21.58124999999986,1270000,27408187.49999982
2023-01-30,21.45219999999986,21.883399999999856,21.13041699999986,21.55999999999986,1300000,28027999.999999817
2023-01-31,21.47413374999986,21.861831249999856,21.152021743749863,21.53874999999986,1330000,28646537.499999817
2023-02-01,21.49598249999986,21.84026249999986,21.173542762499864,21.517499999999863,1360000,29263799.999999814
2023-02-02,21.51774624999986,21.840512443749855,21.173806249999863,21.49624999999986,1390000,29879787.499999806
2023-02-03,21.53942499999986,21.862516374999856,21.152874999999863,21.474999999999863,1420000,30494499.999999806
2023-02-06,21.346481249999865,21.77555624999986,21.026284031249865,21.453749999999864,1450000,31107937.499999803
2023-02-07,21.368202499999867,21.753987499999862,21.047679462499868,21.432499999999866,1480000,31720099.999999803
2023-02-08,21.389838749999868,21.732418749999862,21.068991168749868,21.411249999999868,1510000,32330987.4999998
2023-02-09,21.411389999999862,21.732560849999857,21.06914999999987,21.389999999999866,1540000,32940599.99999979
2023-02-10,21.113149999999866,21.429847249999863,20.73424999999987,21.04999999999987,1570000,33048499.999999795
2023-02-13,20.923606249999867,21.344181249999863,20.60975215624987,21.028749999999867,1600000,33645999.999999784
2023-02-14,20.94447749999987,21.322612499999863,20.63031033749987,21.00749999999987,1630000,34242224.999999784
2023-02-15,20.96526374999987,21.301043749999867,20.65078479374987,20.98624999999987,1660000,34837174.999999784
2023-02-16,20.98596499999987,21.300754474999863,20.650524999999874,20.964999999999872,1690000,35430849.999999784
2023-02-17,21.006581249999872,21.32167996874987,20.629593749999874,20.943749999999874,1720000,36023249.999999784
2023-02-20,20.817887499999873,21.236337499999866,20.505619187499875,20.92249999999987,1750000,36614374.99999978
2023-02-21,20.838546249999872,21.21476874999987,20.525968056249873,20.901249999999873,1780000,37204224.99999978
2023-02-22,20.859119999999876,21.19319999999987,20.54623319999988,20.879999999999875,1810000,37792799.99999978
2023-02-23,20.879608749999875,21.19280288124987,20.54586874999988,20.858749999999876,1840000,38380099.99999977
2023-02-24,20.900012499999875,21.213512687499872,20.52493749999988,20.837499999999878,1870000,38966124.99999977
2023-02-27,20.712168749999876,21.128493749999873,20.401486218749877,20.816249999999876,1000000,20816249.999999877
2023-02-28,20.73261499999988,21.106924999999872,20.421625774999878,20.794999999999877,1030000,21418849.999999873
2023-03-01,20.75297624999988,21.085356249999876,20.44168160624988,20.77374999999988,1060000,22020174.999999873
2023-03-02,20.773252499999877,21.084851287499873,20.44121249999988,20.75249999999988,1090000,22620224.99999987
2023-03-03,20.79344374999988,21.105345406249878,20.420281249999885,20.731249999999882,1120000,23218999.99999987
2023-03-06,20.60644999999988,21.020649999999875,20.297353249999883,20.70999999999988,1150000,23816499.999999862
2023-03-07,20.308889999999884,20.67554999999988,20.004256649999885,20.369999999999884,1180000,24036599.999999862
2023-03-08,20.32840124999988,20.653981249999877,20.023475231249883,20.34874999999988,1210000,24621987.49999986
2023-03-09,20.34782749999988,20.653044912499876,20.022587499999887,20.327499999999883,1240000,25206099.999999855
2023-03-10,20.367168749999884,20.67267628124988,20.001656249999886,20.306249999999885,1270000,25788937.499999855
2023-03-13,20.183574999999887,20.589274999999883,19.88082137499989,20.284999999999886,1300000,26370499.99999985
2023-03-14,20.202958749999887,20.567706249999883,19.899914368749887,20.263749999999888,1330000,26950787.49999985
2023-03-15,20.222257499999888,20.546137499999883,19.91892363749989,20.242499999999886,1360000,27529799.999999844
2023-03-16,20.241471249999886,20.54509331874988,19.91793124999989,20.221249999999888,1390000,28107537.499999844
2023-03-17,20.260599999999886,20.564508999999884,19.896999999999892,20.19999999999989,1420000,28683999.999999844
2023-03-20,20.07785624999989,20.481431249999886,19.776688406249892,20.17874999999989,1450000,29259187.49999984
2023-03-21,20.097027499999893,20.45986249999989,19.795572087499895,20.157499999999892,1480000,29833099.99999984
2023-03-22,20.11611374999989,20.438293749999886,19.81437204374989,20.13624999999989,1510000,30405737.499999836
2023-03-23,20.13511499999989,20.437141724999886,19.813274999999894,20.114999999999892,1540000,30977099.999999832
2023-03-24,20.154031249999893,20.45634171874989,19.792343749999894,20.093749999999893,1570000,31547187.499999832
2023-03-27,19.972137499999896,20.373587499999893,19.6725554374999,20.072499999999895,1600000,32115999.999999832
2023-03-28,19.991096249999895,20.352018749999893,19.691229806249897,20.051249999999897,1630000,32683537.499999832
2023-03-29,20.009969999999896,20.330449999999892,19.709820449999896,20.029999999999895,1660000,33249799.999999825
2023-03-30,19.709689999999895,20.005335349999893,19.3946499999999,19.6899999999999,1690000,33276099.99999983
2023-03-31,19.727756249999892,20.02367259374989,19.3737187499999,19.668749999999896,1720000,33830249.99999982
2023-04-03,19.549262499999898,19.942212499999894,19.256023562499898,19.647499999999898,1750000,34383124.99999982
2023-04-04,19.5673712499999,19.920643749999897,19.273860681249904,19.6262499999999,1780000,34934724.99999982
2023-04-05,19.585394999999902,19.899074999999897,19.291614074999902,19.6049999999999,1810000,35485049.99999982
2023-04-06,19.6033337499999,19.897383756249898,19.289993749999905,19.583749999999903,1840000,36034099.99999982
2023-04-07,19.6211874999999,19.915505312499896,19.2690624999999,19.5624999999999,1870000,36581874.999999814
2023-04-10,19.443543749999904,19.8343687499999,19.151890593749904,19.541249999999902,1000000,19541249.999999903
2023-04-11,19.461439999999904,19.8127999999999,19.169518399999905,19.519999999999904,1030000,20105599.9999999
2023-04-12,19.479251249999905,19.791231249999903,19.187062481249907,19.498749999999905,1060000,20668674.9999999
2023-04-13,19.496977499999904,19.7894321624999,19.185337499999907,19.477499999999907,1090000,21230474.9999999
2023-04-14,19.5146187499999,19.8073380312499,19.164406249999907,19.456249999999905,1120000,21790999.999999892
2023-04-17,19.337824999999906,19.726524999999903,19.047757624999907,19.434999999999906,1150000,22350249.999999892
2023-04-18,19.35550874999991,19.704956249999906,19.06517611874991,19.413749999999908,1180000,22908224.999999892
2023-04-19,19.37310749999991,19.683387499999906,19.08251088749991,19.39249999999991,1210000,23464924.999999892
2023-04-20,19.39062124999991,19.681480568749908,19.080681249999913,19.37124999999991,1240000,24020349.99999989
2023-04-21,19.408049999999907,19.699170749999904,19.05974999999991,19.34999999999991,1270000,24574499.999999885
2023-04-24,18.914949999999912,19.29514999999991,18.631225749999913,19.009999999999913,1300000,24712999.99999989
2023-04-25,18.931783749999912,19.273581249999907,18.647806993749914,18.98874999999991,1330000,25255037.49999988
2023-04-26,18.948532499999914,19.25201249999991,18.664304512499914,18.967499999999912,1360000,25795799.99999988
2023-04-27,18.965196249999913,19.24967419374991,18.662056249999914,18.946249999999914,1390000,26335287.49999988
2023-04-28,18.981774999999914,19.26650162499991,18.641124999999917,18.924999999999915,1420000,26873499.99999988
2023-05-01,18.809231249999918,19.187306249999914,18.52709278124992,18.903749999999917,1450000,27410437.49999988
2023-05-02,18.825852499999915,19.165737499999913,18.543464712499915,18.882499999999915,1480000,27946099.999999873
2023-05-03,18.842388749999916,19.144168749999913,18.55975291874992,18.861249999999917,1510000,28480487.499999873
2023-05-04,18.858839999999915,19.141722599999913,18.55739999999992,18.839999999999918,1540000,29013599.999999873
2023-05-05,18.875206249999916,19.158334343749914,18.53646874999992,18.81874999999992,1570000,29545437.499999873
2023-05-08,18.70351249999992,19.079462499999917,18.422959812499922,18.79749999999992,1600000,30075999.999999873
2023-05-09,18.71992124999992,19.057893749999916,18.43912243124992,18.77624999999992,1630000,30605287.49999987
2023-05-10,18.736244999999922,19.036324999999916,18.455201324999923,18.75499999999992,1660000,31133299.99999987
2023-05-11,18.75248374999992,19.033771006249918,18.45274374999992,18.733749999999922,1690000,31660037.49999987
2023-05-12,18.768637499999922,19.05016706249992,18.431812499999925,18.712499999999924,1720000,32185499.99999987
2023-05-15,18.597793749999926,18.971618749999923,18.318826843749928,18.691249999999926,1750000,32709687.49999987
2023-05-16,18.613989999999923,18.95004999999992,18.334780149999926,18.669999999999924,1780000,33232599.999999862
2023-05-17,18.31166999999993,18.604949999999924,18.03699494999993,18.329999999999927,1810000,33177299.99999987
2023-05-18,18.327058749999924,18.60196463124992,18.034118749999926,18.308749999999925,1840000,33688099.999999866
2023-05-19,18.342362499999926,18.617497937499923,18.013187499999926,18.287499999999927,1870000,34197624.999999866
2023-05-22,18.264468749999928,18.631593749999926,17.99050171874993,18.35624999999993,1000000,18356249.99999993
2023-05-23,18.36972499999993,18.701374999999928,18.094179124999933,18.42499999999993,1030000,18977749.99999993
2023-05-24,18.47525624999993,18.77115624999993,18.19812740624993,18.49374999999993,1060000,19603374.999999925
2023-05-25,18.581062499999927,18.859778437499923,18.28406249999993,18.56249999999993,1090000,20233124.99999992
2023-05-26,18.68714374999993,18.967450906249926,18.35178124999993,18.63124999999993,1120000,20866999.99999992
2023-05-29,18.606499999999933,18.980499999999928,18.327402499999934,18.699999999999932,1150000,21504999.99999992
2023-05-30,18.712443749999935,19.05028124999993,18.431757093749937,18.768749999999933,1180000,22147124.99999992
2023-05-31,18.818662499999935,19.120062499999932,18.536382562499934,18.837499999999935,1210000,22793374.99999992
2023-06-01,18.92515624999993,19.209033593749925,18.622656249999935,18.906249999999932,1240000,23443749.999999918
2023-06-02,19.03192499999993,19.317403874999926,18.690374999999936,18.974999999999934,1270000,24098249.999999914
2023-06-05,18.948531249999935,19.329406249999934,18.664303281249936,19.043749999999935,1300000,24756874.999999914
2023-06-06,19.055162499999938,19.399187499999933,18.769335062499938,19.112499999999937,1330000,25419624.999999914
2023-06-07,19.16206874999994,19.468968749999934,18.87463771874994,19.181249999999938,1360000,26086499.999999914
2023-06-08,19.269249999999936,19.55828874999993,18.961249999999936,19.249999999999936,1390000,26757499.99999991
2023-06-09,19.056999999999938,19.342854999999936,18.71499999999994,18.99999999999994,1420000,26979999.999999914
2023-06-12,18.973406249999936,19.354781249999935,18.688805156249938,19.068749999999937,1450000,27649687.49999991
2023-06-13,19.080087499999937,19.424562499999936,18.79388618749994,19.13749999999994,1480000,28323499.99999991
2023-06-14,19.18704374999994,19.49434374999994,18.89923809374994,19.20624999999994,1510000,29001437.49999991
2023-06-15,19.29427499999994,19.583689124999935,18.985874999999943,19.27499999999994,1540000,29683499.99999991
2023-06-16,19.401781249999942,19.69280796874994,19.053593749999944,19.343749999999943,1570000,30369687.49999991
2023-06-19,19.31543749999994,19.703687499999937,19.025705937499943,19.41249999999994,1600000,31059999.999999907
2023-06-20,19.422806249999944,19.77346874999994,19.131464156249944,19.481249999999942,1630000,31754437.499999907
2023-06-21,19.530449999999945,19.84324999999994,19.237493249999947,19.549999999999944,1660000,32452999.999999907
2023-06-22,19.638368749999945,19.93294428124994,19.324468749999944,19.618749999999945,1690000,33155687.499999907
2023-06-23,19.746562499999943,20.04276093749994,19.39218749999995,19.687499999999947,1720000,33862499.99999991
2023-06-26,19.657468749999946,20.052593749999943,19.362606718749948,19.756249999999945,1750000,34573437.4999999
2023-06-27,19.765524999999947,20.122374999999945,19.469042124999948,19.824999999999946,1780000,35288499.9999999
2023-06-28,19.873856249999946,20.192156249999943,19.575748406249946,19.893749999999947,1810000,36007687.4999999
2023-06-29,19.982462499999947,20.282199437499944,19.66306249999995,19.96249999999995,1840000,36730999.9999999
2023-06-30,20.091343749999947,20.392713906249945,19.73078124999995,20.03124999999995,1870000,37458437.49999991
2023-07-03,19.999499999999948,20.401499999999945,19.69950749999995,20.099999999999948,1000000,20099999.999999948
2023-07-04,19.79044999999995,20.14774999999995,19.49359324999995,19.84999999999995,1030000,20445499.99999995
2023-07-05,19.89883124999995,20.217531249999947,19.600348781249952,19.91874999999995,1060000,21113874.999999948
2023-07-06,20.00748749999995,20.307599812499948,19.687687499999953,19.98749999999995,1090000,21786374.999999948
2023-07-07,20.11641874999995,20.41816503124995,19.755406249999954,20.056249999999952,1120000,22462999.999999948
2023-07-10,20.024374999999953,20.426874999999953,19.72400937499995,20.124999999999954,1150000,23143749.999999948
2023-07-11,20.133168749999957,20.49665624999995,19.831171218749958,20.193749999999955,1180000,23828624.999999948
2023-07-12,20.242237499999952,20.56643749999995,19.938603937499952,20.262499999999953,1210000,24517624.999999944
2023-07-13,20.351581249999953,20.65685496874995,20.026281249999954,20.331249999999955,1240000,25210749.999999944
2023-07-14,20.461199999999952,20.768117999999948,20.093999999999955,20.399999999999956,1270000,25907999.999999944
2023-07-17,20.366406249999958,20.775781249999955,20.060910156249957,20.468749999999957,1300000,26609374.999999944
2023-07-18,20.47588749999996,20.845562499999957,20.16874918749996,20.53749999999996,1330000,27314874.999999944
2023-07-19,20.585643749999956,20.915343749999955,20.276859093749955,20.606249999999957,1360000,28024499.99999994
2023-07-20,20.695674999999955,21.006110124999953,20.36487499999996,20.674999999999958,1390000,28738249.99999994
2023-07-21,20.805981249999956,21.118070968749954,20.43259374999996,20.74374999999996,1420000,29456124.999999944
2023-07-24,20.70843749999996,21.124687499999958,20.39781093749996,20.81249999999996,1450000,30178124.999999944
2023-07-25,20.818606249999963,21.19446874999996,20.506327156249963,20.881249999999962,1480000,30904249.999999944
2023-07-26,20.92904999999996,21.264249999999958,20.615114249999962,20.94999999999996,1510000,31634499.99999994
2023-07-27,20.72069999999996,21.03151049999996,20.389499999999963,20.699999999999964,1540000,31877999.999999944
2023-07-28,20.83105624999996,21.143522093749958,20.457218749999964,20.76874999999996,1570000,32606937.49999994
2023-07-31,20.733312499999965,21.15006249999996,20.422312812499964,20.837499999999963,1600000,33339999.99999994
2023-08-01,20.843531249999966,21.219843749999963,20.530878281249965,20.906249999999964,1630000,34077187.49999994
2023-08-02,20.954024999999966,21.289624999999962,20.639714624999968,20.974999999999966,1660000,34818499.99999994
2023-08-03,21.064793749999964,21.380765656249963,20.728093749999967,21.043749999999967,1690000,35563937.49999995
2023-08-04,21.175837499999965,21.49347506249996,20.795812499999965,21.112499999999965,1720000,36313499.99999994
2023-08-07,21.075343749999966,21.498968749999964,20.759213593749966,21.181249999999967,1750000,37067187.49999994
2023-08-08,21.18624999999997,21.568749999999966,20.86845624999997,21.249999999999968,1780000,37824999.99999994
2023-08-09,21.29743124999997,21.638531249999968,20.97796978124997,21.31874999999997,1810000,38586937.49999995
2023-08-10,21.408887499999967,21.730020812499966,21.066687499999972,21.38749999999997,1840000,39352999.99999995
2023-08-11,21.520618749999965,21.843428031249964,21.13440624999997,21.45624999999997,1870000,40123187.49999994
2023-08-14,21.41737499999997,21.847874999999966,21.09611437499997,21.52499999999997,1000000,21524999.99999997
2023-08-15,21.528968749999972,21.91765624999997,21.206034218749974,21.59374999999997,1030000,22241562.49999997
2023-08-16,21.64083749999997,21.98743749999997,21.31622493749997,21.662499999999973,1060000,22962249.99999997
2023-08-17,21.752981249999973,22.079275968749972,21.405281249999973,21.731249999999974,1090000,23687062.499999974
2023-08-18,21.86539999999997,22.193380999999967,21.472999999999974,21.799999999999972,1120000,24415999.99999997
2023-08-21,21.442249999999976,21.873249999999974,21.120616249999976,21.549999999999976,1150000,24782499.999999974
2023-08-22,21.553893749999975,21.943031249999972,21.230585343749976,21.618749999999974,1180000,25510124.99999997
2023-08-23,21.665812499999976,22.012812499999974,21.340825312499977,21.687499999999975,1210000,26241874.99999997
2023-08-24,21.778006249999976,22.104676343749972,21.429906249999977,21.756249999999977,1240000,26977749.99999997
2023-08-25,21.890474999999977,22.218832124999974,21.497624999999978,21.824999999999978,1270000,27717749.99999997
2023-08-28,21.784281249999978,22.222156249999976,21.457517031249978,21.89374999999998,1300000,28461874.999999974
2023-08-29,21.89661249999998,22.291937499999975,21.56816331249998,21.962499999999977,1330000,29210124.99999997
2023-08-30,22.009218749999977,22.361718749999977,21.679080468749977,22.03124999999998,1360000,29962499.99999997
2023-08-31,22.12209999999998,22.453931499999975,21.76849999999998,22.09999999999998,1390000,30718999.999999974
2023-09-01,22.235256249999978,22.568785093749977,21.836218749999983,22.16874999999998,1420000,31479624.999999974
2023-09-04,22.126312499999983,22.571062499999982,21.794417812499983,22.237499999999983,1450000,32244374.999999974
2023-09-05,22.23933124999998,22.640843749999977,21.90574128124998,22.30624999999998,1480000,33013249.99999997
2023-09-06,22.352624999999982,22.71062499999998,22.017335624999983,22.374999999999982,1510000,33786249.99999997
2023-09-07,22.46619374999998,22.803186656249977,22.107093749999983,22.443749999999984,1540000,34563374.99999998
2023-09-08,22.58003749999998,22.91873806249998,22.174812499999984,22.512499999999985,1570000,35344624.99999998
2023-09-11,22.468343749999985,22.919968749999985,22.131318593749985,22.581249999999986,1600000,36129999.99999998
2023-09-12,22.582049999999985,22.989749999999983,22.243319249999985,22.649999999999984,1630000,36919499.99999998
2023-09-13,22.377599999999987,22.735999999999986,22.041935999999986,22.399999999999988,1660000,37183999.99999998
2023-09-14,22.491218749999984,22.82858703124998,22.131718749999987,22.468749999999986,1690000,37972187.49999998
2023-09-15,22.605112499999986,22.944189187499983,22.199437499999988,22.537499999999987,1720000,38764499.99999998
2023-09-18,22.49321874999999,22.945343749999985,22.15582046874999,22.60624999999999,1750000,39560937.49999998
2023-09-19,22.60697499999999,23.015124999999987,22.26787037499999,22.67499999999999,1780000,40361499.999999985
2023-09-20,22.72100624999999,23.08490624999999,22.380191156249992,22.74374999999999,1810000,41166187.499999985
2023-09-21,22.835312499999986,23.177842187499984,22.470312499999988,22.81249999999999,1840000,41974999.99999998
2023-09-22,22.949893749999987,23.294142156249986,22.53803124999999,22.88124999999999,1870000,42787937.499999985
2023-09-25,22.83524999999999,23.29424999999999,22.492721249999992,22.949999999999992,1000000,22949999.999999993
2023-09-26,22.949693749999994,23.364031249999993,22.605448343749995,23.018749999999994,1030000,23709312.499999993
2023-09-27,23.064412499999996,23.43381249999999,22.718446312499996,23.087499999999995,1060000,24472749.999999996
2023-09-28,23.17940624999999,23.527097343749986,22.808906249999993,23.156249999999993,1090000,25240312.499999993
2023-09-29,23.29467499999999,23.64409512499999,22.876624999999994,23.224999999999994,1120000,26011999.999999993
2023-10-02,23.177281249999997,23.643156249999993,22.829622031249997,23.293749999999996,1150000,26787812.499999996
2023-10-03,23.292412499999998,23.712937499999995,22.9430263125,23.362499999999997,1180000,27567749.999999996
2023-10-04,23.407818749999997,23.782718749999997,23.056701468749996,23.43125,1210000,28351812.5
2023-10-05,23.523499999999995,23.876352499999992,23.147499999999997,23.499999999999996,1240000,29139999.999999996
2023-10-06,23.31975,23.669546249999996,22.90125,23.25,1270000,29527500.0
2023-10-09,23.202156249999998,23.668531249999994,22.85412390625,23.318749999999998,1300000,30314374.999999996
2023-10-10,23.3173375,23.738312499999996,22.9675774375,23.3875,1330000,31105375.0
2023-10-11,23.432793750000002,23.808093749999998,23.08130184375,23.45625,1360000,31900500.0
2023-10-12,23.548524999999998,23.901752874999996,23.172125,23.525000000000002,1390000,32699750.000000004
2023-10-13,23.66453125,24.019499218749996,23.239843750000002,23.593750000000004,1420000,33503125.000000004
2023-10-16,23.5441875,24.0174375,23.1910246875,23.6625,1450000,34310625.0
2023-10-17,23.660056250000004,24.08721875,23.30515540625,23.731250000000003,1480000,35122250.00000001
2023-10-18,23.776200000000003,24.157000000000004,23.419557,23.800000000000004,1510000,35938000.00000001
2023-10-19,23.892618750000004,24.251008031250002,23.510718750000006,23.868750000000006,1540000,36757875.00000001
2023-10-20,24.009312500000004,24.369452187500002,23.578437500000007,23.937500000000007,1570000,37581875.00000001
2023-10-23,23.886218750000005,24.366343750000002,23.527925468750006,24.006250000000005,1600000,38410000.00000001
2023-10-24,24.002775000000007,24.436125000000004,23.642733375000006,24.075000000000006,1630000,39242250.00000001
2023-10-25,24.119606250000007,24.505906250000006,23.757812156250008,24.143750000000008,1660000,40078625.000000015
2023-10-26,24.236712500000007,24.600263187500005,23.849312500000007,24.21250000000001,1690000,40919125.000000015
2023-10-27,24.354093750000008,24.719405156250005,23.91703125000001,24.28125000000001,1720000,41763750.000000015
2023-10-30,24.22825000000001,24.715250000000005,23.86482625000001,24.35000000000001,1750000,42612500.000000015
2023-10-31,24.027700000000014,24.46150000000001,23.66728450000001,24.100000000000012,1780000,42898000.00000002
2023-11-01,24.14458125000001,24.531281250000006,23.782412531250007,24.16875000000001,1810000,43745437.500000015
2023-11-02,24.26173750000001,24.62566356250001,23.87393750000001,24.23750000000001,1840000,44597000.00000002
2023-11-03,24.37916875000001,24.744856281250005,23.941656250000012,24.306250000000013,1870000,45452687.50000002
2023-11-06,24.253125000000015,24.740625000000012,23.889328125000013,24.375000000000014,1000000,24375000.000000015
2023-11-07,24.370418750000017,24.810406250000014,24.004862468750016,24.443750000000016,1030000,25177062.500000015
2023-11-08,24.487987500000013,24.880187500000012,24.120667687500013,24.512500000000014,1060000,25983250.000000015
2023-11-09,24.605831250000012,24.97491871875001,24.212531250000016,24.581250000000015,1090000,26793562.500000015
2023-11-10,24.723950000000013,25.09480925000001,24.280250000000017,24.650000000000016,1120000,27608000.00000002
2023-11-13,24.595156250000016,25.089531250000014,24.226228906250014,24.718750000000018,1150000,28426562.50000002
2023-11-14,24.71313750000002,25.159312500000016,24.34244043750002,24.78750000000002,1180000,29249250.000000022
2023-11-15,24.831393750000018,25.229093750000015,24.458922843750017,24.856250000000017,1210000,30076062.500000022
2023-11-16,24.949925000000015,25.324173875000014,24.551125000000017,24.92500000000002,1240000,30907000.000000022
2023-11-17,25.068731250000017,25.444762218750014,24.618843750000018,24.99375000000002,1270000,31742062.500000026
2023-11-20,24.93718750000002,25.43843750000002,24.56312968750002,25.06250000000002,1300000,32581250.000000026
2023-11-21,25.055856250000023,25.508218750000022,24.68001840625002,25.131250000000023,1330000,33424562.50000003
2023-11-22,25.17480000000002,25.578000000000017,24.797178000000017,25.20000000000002,1360000,34272000.00000003
2023-11-23,24.97495000000002,25.349574250000018,24.575750000000024,24.950000000000024,1390000,34680500.00000004
2023-11-24,25.093806250000018,25.470213343750014,24.64346875000002,25.018750000000022,1420000,35526625.00000003
2023-11-27,24.962062500000023,25.46381250000002,24.58763156250002,25.087500000000023,1450000,36376875.00000004
2023-11-28,25.080781250000026,25.533593750000023,24.704569531250026,25.156250000000025,1480000,37231250.00000004
2023-11-29,25.199775000000027,25.603375000000025,24.821778375000026,25.225000000000026,1510000,38089750.00000004
2023-11-30,25.319043750000024,25.69882940625002,24.914343750000025,25.293750000000028,1540000,38952375.000000045
2023-12-01,25.438587500000022,25.82016631250002,24.982062500000026,25.362500000000026,1570000,39819125.00000004
2023-12-04,25.30409375000003,25.812718750000023,24.924532343750027,25.431250000000027,1600000,40690000.000000045
2023-12-05,25.42350000000003,25.882500000000025,25.042147500000027,25.50000000000003,1630000,41565000.000000045
2023-12-06,25.54318125000003,25.952281250000027,25.16003353125003,25.56875000000003,1660000,42444125.00000005
2023-12-07,25.66313750000003,26.048084562500026,25.25293750000003,25.63750000000003,1690000,43327375.00000005
2023-12-08,25.783368750000026,26.170119281250024,25.320656250000027,25.70625000000003,1720000,44214750.00000005
2023-12-11,25.64612500000003,26.16162500000003,25.26143312500003,25.77500000000003,1750000,45106250.00000005
2023-12-12,25.766218750000032,26.23140625000003,25.37972546875003,25.843750000000032,1780000,46001875.00000006
2023-12-13,25.886587500000033,26.301187500000033,25.498288687500033,25.912500000000033,1810000,46901625.00000006
2023-12-14,26.007231250000032,26.39733971875003,25.591531250000035,25.981250000000035,1840000,47805500.00000007
2023-12-15,26.12815000000003,26.520072250000027,25.659250000000032,26.050000000000033,1870000,48713500.00000006
2023-12-18,25.671000000000035,26.187000000000033,25.285935000000034,25.800000000000036,1000000,25800000.000000037
2023-12-19,25.791143750000035,26.25678125000003,25.404276593750033,25.868750000000034,1030000,26644812.500000034
2023-12-20,25.911562500000034,26.326562500000033,25.522889062500035,25.937500000000036,1060000,27493750.000000037
2023-12-21,26.032256250000035,26.422740093750033,25.616156250000035,26.006250000000037,1090000,28346812.50000004
2023-12-22,26.153225000000035,26.545523375000034,25.683875000000036,26.07500000000004,1120000,29204000.000000045
2023-12-25,26.01303125000004,26.53590625000004,25.62283578125004,26.14375000000004,1150000,30065312.500000045
2023-12-26,26.13386250000004,26.605687500000034,25.741854562500038,26.212500000000038,1180000,30930750.000000045
2023-12-27,26.25496875000004,26.675468750000036,25.861144218750038,26.28125000000004,1210000,31800312.50000005
2023-12-28,26.376350000000038,26.771995250000035,25.95475000000004,26.35000000000004,1240000,32674000.00000005
2023-12-29,26.49800625000004,26.895476343750037,26.02246875000004,26.418750000000042,1270000,33551812.500000052
